"asciiname","population","location"
"London",7556900,"https://www.google.com/maps/?q=51.50853,-0.12574"
"Birmingham",984333,"https://www.google.com/maps/?q=52.48142,-1.89983"
"Liverpool",864122,"https://www.google.com/maps/?q=53.41058,-2.97794"
"Nottingham",729977,"https://www.google.com/maps/?q=52.9536,-1.15047"
"Sheffield",685368,"https://www.google.com/maps/?q=53.38297,-1.4659"
"Bristol",617280,"https://www.google.com/maps/?q=51.45523,-2.59665"
"Glasgow",591620,"https://www.google.com/maps/?q=55.86515,-4.25763"
"Leicester",508916,"https://www.google.com/maps/?q=52.6386,-1.13169"
"Edinburgh",464990,"https://www.google.com/maps/?q=55.95206,-3.19648"
"Leeds",455123,"https://www.google.com/maps/?q=53.79648,-1.54785"
"Cardiff",447287,"https://www.google.com/maps/?q=51.48,-3.18"
"Manchester",395515,"https://www.google.com/maps/?q=53.48095,-2.23743"
"Stoke-on-Trent",372775,"https://www.google.com/maps/?q=53.00415,-2.18538"
"Coventry",359262,"https://www.google.com/maps/?q=52.40656,-1.51217"
"Sunderland",335415,"https://www.google.com/maps/?q=54.90465,-1.38222"
"Birkenhead",325264,"https://www.google.com/maps/?q=53.39337,-3.01479"
"Islington",319143,"https://www.google.com/maps/?q=51.53622,-0.10304"
"Reading",318014,"https://www.google.com/maps/?q=51.45625,-0.97113"
"Kingston upon Hull",314018,"https://www.google.com/maps/?q=53.7446,-0.33525"
"Preston",313332,"https://www.google.com/maps/?q=53.76282,-2.70452"
"Newport",306844,"https://www.google.com/maps/?q=51.58774,-2.99835"
"Swansea",300352,"https://www.google.com/maps/?q=51.62079,-3.94323"
"Bradford",299310,"https://www.google.com/maps/?q=53.79391,-1.75206"
"Southend-on-Sea",295310,"https://www.google.com/maps/?q=51.53782,0.71433"
"Belfast",274770,"https://www.google.com/maps/?q=54.59682,-5.92541"
"Derby",270468,"https://www.google.com/maps/?q=52.92277,-1.47663"
"Plymouth",260203,"https://www.google.com/maps/?q=50.37153,-4.14305"
"Luton",258018,"https://www.google.com/maps/?q=51.87967,-0.41748"
"Wolverhampton",252791,"https://www.google.com/maps/?q=52.58547,-2.12296"
"City of Westminster",247614,"https://www.google.com/maps/?q=51.5,-0.11667"
"Southampton",246201,"https://www.google.com/maps/?q=50.90395,-1.40428"
"Blackpool",239409,"https://www.google.com/maps/?q=53.81667,-3.05"
"Milton Keynes",229941,"https://www.google.com/maps/?q=52.04172,-0.75583"
"Bexley",228000,"https://www.google.com/maps/?q=51.44162,0.14866"
"Northampton",215963,"https://www.google.com/maps/?q=52.25,-0.88333"
"Archway",215667,"https://www.google.com/maps/?q=51.56733,-0.13415"
"Norwich",213166,"https://www.google.com/maps/?q=52.62783,1.29834"
"Dudley",199059,"https://www.google.com/maps/?q=52.5,-2.08333"
"Aberdeen",196670,"https://www.google.com/maps/?q=57.14369,-2.09814"
"Portsmouth",194150,"https://www.google.com/maps/?q=50.79899,-1.09125"
"Newcastle upon Tyne",192382,"https://www.google.com/maps/?q=54.97328,-1.61396"
"Sutton",187600,"https://www.google.com/maps/?q=51.35,-0.2"
"Swindon",185609,"https://www.google.com/maps/?q=51.55797,-1.78116"
"Crawley",180508,"https://www.google.com/maps/?q=51.11303,-0.18312"
"Ipswich",178835,"https://www.google.com/maps/?q=52.05917,1.15545"
"Wigan",175405,"https://www.google.com/maps/?q=53.54296,-2.63706"
"Croydon",173314,"https://www.google.com/maps/?q=51.38333,-0.1"
"Walsall",172141,"https://www.google.com/maps/?q=52.58528,-1.98396"
"Mansfield",171958,"https://www.google.com/maps/?q=53.13333,-1.2"
"Oxford",171380,"https://www.google.com/maps/?q=51.75222,-1.25596"
"Warrington",165456,"https://www.google.com/maps/?q=53.39254,-2.58024"
"Slough",163777,"https://www.google.com/maps/?q=51.50949,-0.59541"
"Bournemouth",163600,"https://www.google.com/maps/?q=50.72048,-1.8795"
"Peterborough",163379,"https://www.google.com/maps/?q=52.57364,-0.24777"
"Cambridge",158434,"https://www.google.com/maps/?q=52.2,0.11667"
"Doncaster",158141,"https://www.google.com/maps/?q=53.52285,-1.13116"
"York",153717,"https://www.google.com/maps/?q=53.95763,-1.08271"
"Poole",150092,"https://www.google.com/maps/?q=50.71429,-1.98458"
"Gloucester",150053,"https://www.google.com/maps/?q=51.86568,-2.2431"
"Burnley",149422,"https://www.google.com/maps/?q=53.8,-2.23333"
"Huddersfield",149017,"https://www.google.com/maps/?q=53.64904,-1.78416"
"Telford",147980,"https://www.google.com/maps/?q=52.67659,-2.44926"
"Dundee",147710,"https://www.google.com/maps/?q=56.46913,-2.97489"
"Blackburn",146521,"https://www.google.com/maps/?q=53.75,-2.48333"
"Basildon",144859,"https://www.google.com/maps/?q=51.56844,0.45782"
"Middlesbrough",142707,"https://www.google.com/maps/?q=54.57623,-1.23483"
"Bolton",141331,"https://www.google.com/maps/?q=53.58333,-2.43333"
"Stockport",139052,"https://www.google.com/maps/?q=53.40979,-2.15761"
"Brighton",139001,"https://www.google.com/maps/?q=50.82838,-0.13947"
"West Bromwich",135618,"https://www.google.com/maps/?q=52.51868,-1.9945"
"Grimsby",134160,"https://www.google.com/maps/?q=53.56539,-0.07553"
"Hastings",133422,"https://www.google.com/maps/?q=50.85519,0.57292"
"High Wycombe",133204,"https://www.google.com/maps/?q=51.62907,-0.74934"
"Watford",125707,"https://www.google.com/maps/?q=51.65531,-0.39602"
"Saint Peters",125370,"https://www.google.com/maps/?q=51.36667,1.41667"
"Burton upon Trent",122199,"https://www.google.com/maps/?q=52.80728,-1.64263"
"Colchester",121859,"https://www.google.com/maps/?q=51.88921,0.90421"
"Eastbourne",118219,"https://www.google.com/maps/?q=50.76871,0.28453"
"Exeter",117763,"https://www.google.com/maps/?q=50.7236,-3.52751"
"Rotherham",117618,"https://www.google.com/maps/?q=53.43012,-1.35678"
"Cheltenham",116447,"https://www.google.com/maps/?q=51.90006,-2.07972"
"Lincoln",114879,"https://www.google.com/maps/?q=53.22683,-0.53792"
"Chesterfield",113057,"https://www.google.com/maps/?q=53.25,-1.41667"
"Chelmsford",111511,"https://www.google.com/maps/?q=51.73575,0.46958"
"Mendip",110000,"https://www.google.com/maps/?q=51.2372,-2.6266"
"Dagenham",108368,"https://www.google.com/maps/?q=51.55,0.16667"
"Basingstoke",107642,"https://www.google.com/maps/?q=51.26249,-1.08708"
"Maidstone",107627,"https://www.google.com/maps/?q=51.26667,0.51667"
"Sutton Coldfield",107030,"https://www.google.com/maps/?q=52.56667,-1.81667"
"Bedford",106940,"https://www.google.com/maps/?q=52.13459,-0.46632"
"Oldham",104782,"https://www.google.com/maps/?q=53.54051,-2.1183"
"Enfield Town",103970,"https://www.google.com/maps/?q=51.65147,-0.08497"
"Woking",103932,"https://www.google.com/maps/?q=51.31903,-0.55893"
"St Helens",102555,"https://www.google.com/maps/?q=53.45,-2.73333"
"Worcester",101659,"https://www.google.com/maps/?q=52.18935,-2.22001"
"Gillingham",101187,"https://www.google.com/maps/?q=51.38914,0.54863"
"Becontree",100000,"https://www.google.com/maps/?q=51.5529,0.129"
"Worthing",99110,"https://www.google.com/maps/?q=50.81795,-0.37538"
"Rochdale",97550,"https://www.google.com/maps/?q=53.61766,-2.1552"
"Solihull",96267,"https://www.google.com/maps/?q=52.41426,-1.78094"
"Royal Leamington Spa",95172,"https://www.google.com/maps/?q=52.2852,-1.52"
"Romford",95000,"https://www.google.com/maps/?q=51.57515,0.18582"
"Bath",94782,"https://www.google.com/maps/?q=51.3751,-2.36172"
"Harlow",94365,"https://www.google.com/maps/?q=51.77655,0.11158"
"Nuneaton",92698,"https://www.google.com/maps/?q=52.52323,-1.46523"
"High Peak",92600,"https://www.google.com/maps/?q=53.36797,-1.84536"
"Darlington",92363,"https://www.google.com/maps/?q=54.52429,-1.55039"
"Southport",91703,"https://www.google.com/maps/?q=53.64581,-3.01008"
"Chester",90524,"https://www.google.com/maps/?q=53.1905,-2.89189"
"Stevenage",90232,"https://www.google.com/maps/?q=51.90224,-0.20256"
"Wembley",90045,"https://www.google.com/maps/?q=51.55242,-0.29686"
"Grays",89755,"https://www.google.com/maps/?q=51.47566,0.32521"
"Harrogate",89060,"https://www.google.com/maps/?q=53.99078,-1.5373"
"Hartlepool",88855,"https://www.google.com/maps/?q=54.68554,-1.21028"
"Londonderry County Borough",87153,"https://www.google.com/maps/?q=54.99721,-7.30917"
"Cannock",86121,"https://www.google.com/maps/?q=52.69045,-2.03085"
"Hemel Hempstead",85629,"https://www.google.com/maps/?q=51.75368,-0.44975"
"St Albans",84561,"https://www.google.com/maps/?q=51.75,-0.33333"
"South Shields",83655,"https://www.google.com/maps/?q=54.99859,-1.4323"
"Derry",83652,"https://www.google.com/maps/?q=54.9981,-7.30934"
"Weston-super-Mare",82903,"https://www.google.com/maps/?q=51.34603,-2.97665"
"Halifax",82624,"https://www.google.com/maps/?q=53.71667,-1.85"
"Redditch",82253,"https://www.google.com/maps/?q=52.3065,-1.94569"
"Beckenham",82000,"https://www.google.com/maps/?q=51.40878,-0.02526"
"Tamworth",81964,"https://www.google.com/maps/?q=52.63399,-1.69587"
"Scunthorpe",79977,"https://www.google.com/maps/?q=53.57905,-0.65437"
"Stockton-on-Tees",79957,"https://www.google.com/maps/?q=54.56848,-1.3187"
"Wakefield",78978,"https://www.google.com/maps/?q=53.68331,-1.49768"
"Carlisle",78470,"https://www.google.com/maps/?q=54.8951,-2.9382"
"Gateshead",77649,"https://www.google.com/maps/?q=54.96209,-1.60168"
"Lisburn",77506,"https://www.google.com/maps/?q=54.52337,-6.03527"
"Fylde",76500,"https://www.google.com/maps/?q=53.83333,-2.91667"
"Paisley",76220,"https://www.google.com/maps/?q=55.83173,-4.43254"
"Bracknell",76103,"https://www.google.com/maps/?q=51.41363,-0.75054"
"Newcastle under Lyme",75794,"https://www.google.com/maps/?q=53,-2.23333"
"Battersea",75651,"https://www.google.com/maps/?q=51.47475,-0.15547"
"Crewe",75556,"https://www.google.com/maps/?q=53.09787,-2.44161"
"Chatham",75509,"https://www.google.com/maps/?q=51.37891,0.52786"
"Hove",75174,"https://www.google.com/maps/?q=50.83088,-0.1672"
"Aylesbury",74748,"https://www.google.com/maps/?q=51.81665,-0.81458"
"East Kilbride",74740,"https://www.google.com/maps/?q=55.76412,-4.17669"
"Canary Wharf",73390,"https://www.google.com/maps/?q=51.50519,-0.02085"
"Rugby",73150,"https://www.google.com/maps/?q=52.37092,-1.26417"
"Salford",72750,"https://www.google.com/maps/?q=53.48771,-2.29042"
"Purley",72000,"https://www.google.com/maps/?q=51.33678,-0.11201"
"Guildford",71873,"https://www.google.com/maps/?q=51.23536,-0.57427"
"Shrewsbury",71715,"https://www.google.com/maps/?q=52.71009,-2.75208"
"Peckham",71552,"https://www.google.com/maps/?q=51.47403,-0.06969"
"Barnsley",71447,"https://www.google.com/maps/?q=53.55,-1.48333"
"Lowestoft",70945,"https://www.google.com/maps/?q=52.47523,1.75167"
"Gosport",70793,"https://www.google.com/maps/?q=50.79509,-1.12902"
"Southall",70000,"https://www.google.com/maps/?q=51.50896,-0.3713"
"Stafford",69217,"https://www.google.com/maps/?q=52.80521,-2.11636"
"Royal Tunbridge Wells",68910,"https://www.google.com/maps/?q=51.13321,0.26256"
"Ellesmere Port",67768,"https://www.google.com/maps/?q=53.27875,-2.90134"
"Rossendale",67400,"https://www.google.com/maps/?q=53.68456,-2.2769"
"Folkestone",66429,"https://www.google.com/maps/?q=51.08169,1.16734"
"Brixton",66300,"https://www.google.com/maps/?q=51.46593,-0.10652"
"Wrexham",65692,"https://www.google.com/maps/?q=53.04664,-2.99132"
"Torquay",65388,"https://www.google.com/maps/?q=50.46198,-3.52522"
"Maidenhead",64831,"https://www.google.com/maps/?q=51.52279,-0.71986"
"Kingswood",64793,"https://www.google.com/maps/?q=51.45278,-2.50833"
"Taunton",64621,"https://www.google.com/maps/?q=51.01494,-3.10293"
"Waterlooville",64350,"https://www.google.com/maps/?q=50.88067,-1.0304"
"Macclesfield",63954,"https://www.google.com/maps/?q=53.26023,-2.12564"
"Bognor Regis",63885,"https://www.google.com/maps/?q=50.78206,-0.67978"
"Newtownabbey",63860,"https://www.google.com/maps/?q=54.65983,-5.90858"
"Kettering",63675,"https://www.google.com/maps/?q=52.39836,-0.72571"
"Buckley",63576,"https://www.google.com/maps/?q=53.16667,-3.08333"
"Great Yarmouth",63434,"https://www.google.com/maps/?q=52.60831,1.73052"
"Runcorn",62872,"https://www.google.com/maps/?q=53.34174,-2.73124"
"Ashford",62787,"https://www.google.com/maps/?q=51.14648,0.87376"
"Tonypandy",62545,"https://www.google.com/maps/?q=51.62202,-3.45544"
"Scarborough",61749,"https://www.google.com/maps/?q=54.27966,-0.40443"
"Widnes",61464,"https://www.google.com/maps/?q=53.3618,-2.73406"
"Aldershot",61339,"https://www.google.com/maps/?q=51.24827,-0.76389"
"Bury",61044,"https://www.google.com/maps/?q=53.6,-2.3"
"Barking",61000,"https://www.google.com/maps/?q=51.53333,0.08333"
"Castleford",60509,"https://www.google.com/maps/?q=53.72587,-1.36256"
"Hereford",60415,"https://www.google.com/maps/?q=52.05684,-2.71482"
"Bangor",60385,"https://www.google.com/maps/?q=54.65338,-5.66895"
"Stroud",60155,"https://www.google.com/maps/?q=51.75,-2.2"
"Margate",60134,"https://www.google.com/maps/?q=51.38132,1.38617"
"Chelsea",60000,"https://www.google.com/maps/?q=51.48755,-0.16936"
"Loughborough",59932,"https://www.google.com/maps/?q=52.76667,-1.2"
"Welwyn Garden City",59910,"https://www.google.com/maps/?q=51.80174,-0.20691"
"Farnborough",59902,"https://www.google.com/maps/?q=51.29424,-0.75565"
"Rhondda",59450,"https://www.google.com/maps/?q=51.65896,-3.44885"
"Craigavon",59236,"https://www.google.com/maps/?q=54.44709,-6.387"
"Wallasey",58794,"https://www.google.com/maps/?q=53.42324,-3.06497"
"Littlehampton",58714,"https://www.google.com/maps/?q=50.81137,-0.54078"
"Bridgend",58380,"https://www.google.com/maps/?q=51.50583,-3.57722"
"Bootle",57791,"https://www.google.com/maps/?q=53.46667,-3.01667"
"Weymouth",57691,"https://www.google.com/maps/?q=50.61448,-2.45991"
"Fareham",57390,"https://www.google.com/maps/?q=50.85162,-1.17929"
"Morley",57385,"https://www.google.com/maps/?q=53.74013,-1.59877"
"Cheshunt",57374,"https://www.google.com/maps/?q=51.7002,-0.03026"
"Kidderminster",57059,"https://www.google.com/maps/?q=52.38819,-2.25"
"Corby",56810,"https://www.google.com/maps/?q=52.49637,-0.68939"
"Dartford",56694,"https://www.google.com/maps/?q=51.44657,0.21423"
"Castlereagh",56679,"https://www.google.com/maps/?q=54.5735,-5.88472"
"Dewsbury",56640,"https://www.google.com/maps/?q=53.69076,-1.62907"
"Livingston",56570,"https://www.google.com/maps/?q=55.90288,-3.52261"
"Stourbridge",56284,"https://www.google.com/maps/?q=52.45608,-2.14317"
"Sale",55689,"https://www.google.com/maps/?q=53.42519,-2.32443"
"Halesowen",55265,"https://www.google.com/maps/?q=52.44859,-2.04938"
"Canterbury",55240,"https://www.google.com/maps/?q=51.27904,1.07992"
"South Croydon",55198,"https://www.google.com/maps/?q=51.36217,-0.09421"
"Huyton",54738,"https://www.google.com/maps/?q=53.4115,-2.83935"
"Barry",54673,"https://www.google.com/maps/?q=51.39979,-3.2838"
"Gravesend",54263,"https://www.google.com/maps/?q=51.44206,0.37106"
"Eastleigh",54225,"https://www.google.com/maps/?q=50.96667,-1.35"
"Acton",53689,"https://www.google.com/maps/?q=51.50901,-0.2762"
"Washington",53526,"https://www.google.com/maps/?q=54.9,-1.51667"
"Braintree",53477,"https://www.google.com/maps/?q=51.87819,0.55292"
"Hamilton",53200,"https://www.google.com/maps/?q=55.76667,-4.03333"
"Brentwood",52586,"https://www.google.com/maps/?q=51.62127,0.30556"
"Esher",52392,"https://www.google.com/maps/?q=51.36969,-0.36693"
"Crosby",52140,"https://www.google.com/maps/?q=53.47778,-3.03333"
"Reigate",52123,"https://www.google.com/maps/?q=51.23736,-0.20582"
"Dunstable",51973,"https://www.google.com/maps/?q=51.88571,-0.52288"
"Morecambe",51644,"https://www.google.com/maps/?q=54.06835,-2.86108"
"Cumbernauld",51610,"https://www.google.com/maps/?q=55.94685,-3.99051"
"Redhill",51559,"https://www.google.com/maps/?q=51.24048,-0.17044"
"Horsham",51472,"https://www.google.com/maps/?q=51.06314,-0.32757"
"Staines",51040,"https://www.google.com/maps/?q=51.43092,-0.50606"
"Batley",50807,"https://www.google.com/maps/?q=53.70291,-1.6337"
"Wellingborough",50577,"https://www.google.com/maps/?q=52.30273,-0.69446"
"Clacton-on-Sea",50548,"https://www.google.com/maps/?q=51.78967,1.15597"
"Dunfermline",50380,"https://www.google.com/maps/?q=56.07156,-3.45887"
"Bletchley",50193,"https://www.google.com/maps/?q=51.99334,-0.73471"
"Keighley",50171,"https://www.google.com/maps/?q=53.86791,-1.90664"
"Hayes",50000,"https://www.google.com/maps/?q=51.51579,-0.4234"
"Paignton",49886,"https://www.google.com/maps/?q=50.43565,-3.56789"
"Llanelli",49591,"https://www.google.com/maps/?q=51.68195,-4.16191"
"Kirkcaldy",49460,"https://www.google.com/maps/?q=56.11683,-3.15999"
"Bromsgrove",49117,"https://www.google.com/maps/?q=52.33574,-2.05983"
"Sittingbourne",48948,"https://www.google.com/maps/?q=51.34128,0.73282"
"South Benfleet",48824,"https://www.google.com/maps/?q=51.55295,0.55962"
"Banbury",48651,"https://www.google.com/maps/?q=52.0632,-1.34222"
"West Bridgford",48314,"https://www.google.com/maps/?q=52.92979,-1.12537"
"Mitcham",48311,"https://www.google.com/maps/?q=51.40322,-0.16831"
"Morden",48233,"https://www.google.com/maps/?q=51.39822,-0.19837"
"Cwmbran",48157,"https://www.google.com/maps/?q=51.65446,-3.02281"
"Long Eaton",47898,"https://www.google.com/maps/?q=52.89855,-1.27136"
"Durham",47785,"https://www.google.com/maps/?q=54.77676,-1.57566"
"Northwich",47421,"https://www.google.com/maps/?q=53.25882,-2.52025"
"Ayr",47190,"https://www.google.com/maps/?q=55.46273,-4.63393"
"Perth",47180,"https://www.google.com/maps/?q=56.39522,-3.43139"
"Lancaster",47162,"https://www.google.com/maps/?q=54.04649,-2.79988"
"Tipton",47000,"https://www.google.com/maps/?q=52.52956,-2.06773"
"Inverness",46870,"https://www.google.com/maps/?q=57.47908,-4.22398"
"Kilmarnock",46350,"https://www.google.com/maps/?q=55.61171,-4.49581"
"Banstead",46280,"https://www.google.com/maps/?q=51.32233,-0.20685"
"Neath",46126,"https://www.google.com/maps/?q=51.66317,-3.80443"
"King's Lynn",46093,"https://www.google.com/maps/?q=52.75172,0.39516"
"Winchester",46074,"https://www.google.com/maps/?q=51.06513,-1.3187"
"Barrow in Furness",45865,"https://www.google.com/maps/?q=54.11094,-3.22758"
"Yeovil",45784,"https://www.google.com/maps/?q=50.94159,-2.63211"
"Middleton",45589,"https://www.google.com/maps/?q=53.55,-2.2"
"Havant",45574,"https://www.google.com/maps/?q=50.8567,-0.98559"
"Carshalton",45525,"https://www.google.com/maps/?q=51.36829,-0.16755"
"Hinckley",45249,"https://www.google.com/maps/?q=52.5389,-1.37613"
"Salisbury",44748,"https://www.google.com/maps/?q=51.06931,-1.79569"
"Pontefract",44710,"https://www.google.com/maps/?q=53.69107,-1.31269"
"Coatbridge",43970,"https://www.google.com/maps/?q=55.86216,-4.02469"
"Sutton in Ashfield",43912,"https://www.google.com/maps/?q=53.12542,-1.26135"
"Grantham",43833,"https://www.google.com/maps/?q=52.91149,-0.64184"
"Merthyr Tydfil",43820,"https://www.google.com/maps/?q=51.74794,-3.37779"
"Great Sankey",43793,"https://www.google.com/maps/?q=53.39234,-2.63994"
"Greenock",43690,"https://www.google.com/maps/?q=55.94838,-4.76121"
"Ashton-under-Lyne",43675,"https://www.google.com/maps/?q=53.48876,-2.0989"
"Leigh",43626,"https://www.google.com/maps/?q=53.49642,-2.51973"
"Leatherhead",43544,"https://www.google.com/maps/?q=51.29652,-0.3338"
"Letchworth Garden City",43529,"https://www.google.com/maps/?q=51.97938,-0.22664"
"Newark on Trent",43363,"https://www.google.com/maps/?q=53.06667,-0.81667"
"Worksop",43252,"https://www.google.com/maps/?q=53.30182,-1.12404"
"Bury St Edmunds",42812,"https://www.google.com/maps/?q=52.2463,0.71111"
"Kirkby",42744,"https://www.google.com/maps/?q=53.48138,-2.89215"
"Wallsend",42739,"https://www.google.com/maps/?q=54.99111,-1.53397"
"Redruth",42690,"https://www.google.com/maps/?q=50.23315,-5.22434"
"Welling",42500,"https://www.google.com/maps/?q=51.46246,0.10759"
"Christchurch",42396,"https://www.google.com/maps/?q=50.73583,-1.78129"
"Andover",42276,"https://www.google.com/maps/?q=51.21135,-1.49393"
"Stretford",41953,"https://www.google.com/maps/?q=53.45,-2.31667"
"Dover",41709,"https://www.google.com/maps/?q=51.12598,1.31257"
"Hatfield",41677,"https://www.google.com/maps/?q=51.76338,-0.22419"
"Altrincham",41548,"https://www.google.com/maps/?q=53.38752,-2.34848"
"Coity",41352,"https://www.google.com/maps/?q=51.522,-3.55531"
"Newburn",41347,"https://www.google.com/maps/?q=54.9876,-1.74415"
"Boston",41340,"https://www.google.com/maps/?q=52.97633,-0.02664"
"Holloway",41329,"https://www.google.com/maps/?q=51.55237,-0.12497"
"Lytham St Annes",41327,"https://www.google.com/maps/?q=53.7426,-2.997"
"Bridgwater",41276,"https://www.google.com/maps/?q=51.12837,-3.00356"
"Urmston",41198,"https://www.google.com/maps/?q=53.44852,-2.35419"
"Wokingham",41143,"https://www.google.com/maps/?q=51.4112,-0.83565"
"Swadlincote",40960,"https://www.google.com/maps/?q=52.774,-1.55744"
"Trowbridge",40952,"https://www.google.com/maps/?q=51.31889,-2.20861"
"Prescot",40889,"https://www.google.com/maps/?q=53.42948,-2.80031"
"Bexhill-on-Sea",40478,"https://www.google.com/maps/?q=50.85023,0.47095"
"Bloxwich",40000,"https://www.google.com/maps/?q=52.61806,-2.00431"
"Ewell",39994,"https://www.google.com/maps/?q=51.34948,-0.2494"
"North Shields",39747,"https://www.google.com/maps/?q=55.01646,-1.44925"
"Glenrothes",39100,"https://www.google.com/maps/?q=56.19514,-3.17316"
"Skelmersdale",38944,"https://www.google.com/maps/?q=53.55024,-2.77348"
"Fleet",38726,"https://www.google.com/maps/?q=51.28333,-0.83333"
"Abingdon",38676,"https://www.google.com/maps/?q=51.67109,-1.28278"
"Tonbridge",38657,"https://www.google.com/maps/?q=51.19532,0.27363"
"Ramsgate",38624,"https://www.google.com/maps/?q=51.33568,1.41797"
"Ilkeston",38587,"https://www.google.com/maps/?q=52.97055,-1.30951"
"Coalville",38245,"https://www.google.com/maps/?q=52.72247,-1.3702"
"Canvey Island",38170,"https://www.google.com/maps/?q=51.52199,0.5809"
"Surbiton",38158,"https://www.google.com/maps/?q=51.39148,-0.29825"
"Whitley Bay",38055,"https://www.google.com/maps/?q=55.03973,-1.44713"
"Greenford",38000,"https://www.google.com/maps/?q=51.52866,-0.35508"
"Arnold",37873,"https://www.google.com/maps/?q=53,-1.13333"
"Houghton-Le-Spring",37840,"https://www.google.com/maps/?q=54.84034,-1.46427"
"Bishops Stortford",37838,"https://www.google.com/maps/?q=51.87113,0.15868"
"Leyland",37614,"https://www.google.com/maps/?q=53.69786,-2.68758"
"Rushden",37584,"https://www.google.com/maps/?q=52.28927,-0.60184"
"Leighton Buzzard",37469,"https://www.google.com/maps/?q=51.91722,-0.65802"
"Yeadon",37379,"https://www.google.com/maps/?q=53.86437,-1.68743"
"Blyth",37339,"https://www.google.com/maps/?q=55.12708,-1.50856"
"Eccles",37275,"https://www.google.com/maps/?q=53.48333,-2.33333"
"Redcar",37203,"https://www.google.com/maps/?q=54.61657,-1.05999"
"Airdrie",37130,"https://www.google.com/maps/?q=55.86602,-3.98025"
"Peterlee",37015,"https://www.google.com/maps/?q=54.76032,-1.33649"
"Farnham",36971,"https://www.google.com/maps/?q=51.21444,-0.80054"
"Chester-le-Street",36917,"https://www.google.com/maps/?q=54.85862,-1.57408"
"Great Malvern",36770,"https://www.google.com/maps/?q=52.11161,-2.32515"
"Herne Bay",36642,"https://www.google.com/maps/?q=51.373,1.12857"
"Wilmslow",36617,"https://www.google.com/maps/?q=53.32803,-2.23148"
"Newton Abbot",36474,"https://www.google.com/maps/?q=50.52858,-3.61186"
"Stirling",36440,"https://www.google.com/maps/?q=56.11903,-3.93682"
"Mangotsfield",36427,"https://www.google.com/maps/?q=51.4878,-2.50403"
"Billericay",36338,"https://www.google.com/maps/?q=51.62867,0.41963"
"Chipping Sodbury",36108,"https://www.google.com/maps/?q=51.53813,-2.39379"
"Hitchin",36099,"https://www.google.com/maps/?q=51.94924,-0.28496"
"Walkden",35937,"https://www.google.com/maps/?q=53.51667,-2.4"
"Tyldesley",35932,"https://www.google.com/maps/?q=53.51393,-2.46754"
"Chippenham",35800,"https://www.google.com/maps/?q=51.46,-2.12472"
"Billingham",35708,"https://www.google.com/maps/?q=54.58881,-1.29034"
"Pontypool",35686,"https://www.google.com/maps/?q=51.70111,-3.04444"
"Accrington",35318,"https://www.google.com/maps/?q=53.75379,-2.35863"
"Falkirk",35310,"https://www.google.com/maps/?q=56.0021,-3.78535"
"Briton Ferry",35179,"https://www.google.com/maps/?q=51.63106,-3.81898"
"Hoddesdon",35174,"https://www.google.com/maps/?q=51.76148,-0.01144"
"Bridlington",35154,"https://www.google.com/maps/?q=54.08306,-0.19192"
"Bentley",34821,"https://www.google.com/maps/?q=53.53333,-1.15"
"Exmouth",34432,"https://www.google.com/maps/?q=50.61723,-3.40233"
"Yate",34406,"https://www.google.com/maps/?q=51.54074,-2.41839"
"Felling",34355,"https://www.google.com/maps/?q=54.95297,-1.57152"
"Colwyn Bay",34284,"https://www.google.com/maps/?q=53.29483,-3.72674"
"Radcliffe",34239,"https://www.google.com/maps/?q=53.56178,-2.32455"
"Totton",34169,"https://www.google.com/maps/?q=50.91877,-1.49037"
"Letchworth",33955,"https://www.google.com/maps/?q=51.97944,-0.2284"
"Chorley",33888,"https://www.google.com/maps/?q=53.65,-2.61667"
"Bicester",33846,"https://www.google.com/maps/?q=51.89998,-1.15357"
"Haywards Heath",33845,"https://www.google.com/maps/?q=50.99769,-0.10313"
"Irvine",33740,"https://www.google.com/maps/?q=55.6194,-4.65508"
"Wigston Magna",33720,"https://www.google.com/maps/?q=52.58128,-1.09248"
"Wednesfield",33555,"https://www.google.com/maps/?q=52.5963,-2.08508"
"Strood",33381,"https://www.google.com/maps/?q=51.39323,0.47713"
"Windsor",33348,"https://www.google.com/maps/?q=51.48333,-0.6"
"Dumfries",33280,"https://www.google.com/maps/?q=55.06959,-3.61139"
"Glossop",33243,"https://www.google.com/maps/?q=53.44325,-1.949"
"Cramlington",33180,"https://www.google.com/maps/?q=55.08652,-1.58598"
"Pudsey",33109,"https://www.google.com/maps/?q=53.79538,-1.66134"
"Ebbw Vale",33068,"https://www.google.com/maps/?q=51.77714,-3.20792"
"Newbury",33065,"https://www.google.com/maps/?q=51.40148,-1.32471"
"Wickford",32975,"https://www.google.com/maps/?q=51.61101,0.52331"
"Lichfield",32877,"https://www.google.com/maps/?q=52.68154,-1.82549"
"Brighouse",32872,"https://www.google.com/maps/?q=53.70322,-1.78428"
"Darwen",32566,"https://www.google.com/maps/?q=53.69803,-2.46494"
"Wisbech",32489,"https://www.google.com/maps/?q=52.66622,0.15938"
"Aston",32286,"https://www.google.com/maps/?q=52.5,-1.88333"
"Borehamwood",32176,"https://www.google.com/maps/?q=51.65468,-0.27762"
"Prestwich",32125,"https://www.google.com/maps/?q=53.53333,-2.28333"
"Motherwell",32120,"https://www.google.com/maps/?q=55.78924,-3.99187"
"Cleethorpes",32017,"https://www.google.com/maps/?q=53.56047,-0.03225"
"Deeside",32000,"https://www.google.com/maps/?q=53.20053,-3.03841"
"Shirley",32000,"https://www.google.com/maps/?q=52.41074,-1.81952"
"Lower Earley",32000,"https://www.google.com/maps/?q=51.42708,-0.91979"
"Falmouth",31988,"https://www.google.com/maps/?q=50.15441,-5.07113"
"Hyde",31926,"https://www.google.com/maps/?q=53.45131,-2.07943"
"Chichester",31654,"https://www.google.com/maps/?q=50.83673,-0.78003"
"Barnstaple",31616,"https://www.google.com/maps/?q=51.08022,-4.05808"
"Spalding",31588,"https://www.google.com/maps/?q=52.78709,-0.15141"
"Rutherglen",31180,"https://www.google.com/maps/?q=55.82885,-4.21376"
"Thornton-Cleveleys",31157,"https://www.google.com/maps/?q=53.87389,-3.02244"
"Aberdare",31135,"https://www.google.com/maps/?q=51.71438,-3.44918"
"Caerphilly",31060,"https://www.google.com/maps/?q=51.57452,-3.218"
"Ruislip",31000,"https://www.google.com/maps/?q=51.57344,-0.42341"
"Saint Neots",30811,"https://www.google.com/maps/?q=52.21667,-0.26667"
"Burgess Hill",30635,"https://www.google.com/maps/?q=50.95843,-0.13287"
"Beverley",30587,"https://www.google.com/maps/?q=53.84587,-0.42332"
"Deal",30555,"https://www.google.com/maps/?q=51.22322,1.40432"
"Wishaw",30510,"https://www.google.com/maps/?q=55.76667,-3.91667"
"Pontypridd",30420,"https://www.google.com/maps/?q=51.6021,-3.34211"
"Winsford",30259,"https://www.google.com/maps/?q=53.19146,-2.52398"